Plant,Variety,Sub-Variety,Sub-Sub-Variety,# ,,Notes for seed group,Give Away Month,Planting Group,Gardener Level,Botanical Name,Open Pollenated,Light ,Start Indoors,Outdoors,Days to Maturity,Container Friendly,Support,Height,Spread,Type (in our zone)
Amaranth,Hopi Red Dye,,,1,,,April,Spring,,Amaranthus cruentus,Yes,Full Sun,4-6 wk before last frost,after last frost,60-75,,Yes,4' - 6',,Annual
Amaranth,Love Lies Bleeding,,,14,,,April,Spring,,Amaranthus caudatus,Yes,Full Sun,8 wk before last frost,After last frost,,,,2' - 8',1'-3',Annual
Artichoke,Cardoon,,,2,,,April,Spring,Level 2,Cynara cardunculus,Yes,Full Sun,January,2 weeks after last frost (direct sow not recommended),60-80,,,4' - 5',4',Annual
Artichoke,Tavor,,,1,,,April,Spring,Level 2,Cynara scolymus,Yes,Full Sun,8-10 wk before planting,After last frost,90,,,3' - 4',2.5'-3',Annual
Asparagus,Mary Washington,,,1,,,April,Spring,Level 2b,Asparagus officinalis,Yes,Full Sun,8-12 wk before outdoors,"After last frost, soil over 60",730,,,3' - 4',1'-2',Perennial
Beans,Bush,Shelling,Appaloosa,1,,have these as a bush/shelling bean,April,Spring,Level 1,Phaseolus vulgaris,Yes,Full Sun,2-3 weeks before transplant,"1-2 weeks after last frost, soil at 60",85-110,,,"18"" - 2'",,Annual
Beans,Pole?,Baby Borlotti?,,1,,"Can't find ""baby"" variety, is this the dwarf bean? and not the vine?",April,Spring,Level 2,Phaseolus vulgaris,Yes,Full Sun,2-3 weeks before transplant,"1-2 weeks after last frost, soil at 60",60-80,,Yes,20',,Annual
Beans,Bush,Shelling,Black & White Calypso,1,,Have these as bush/shelling bean,April,Spring / Fall,Level 1,Phaseolus vulgaris,Yes,Full Sun,2-3 weeks before transplant,"1-2 weeks after last frost, soil at 60 / In fall once soil is < 80",70-90,,No,"20"" - 2'",,Annual
Beans,Broad,Shelling,Windsor,1,,shelling / dried,Feb/March,Spring / Fall,Level 1,Vicia faba,Yes,Full Sun,Not reccomended,As soon as soil can be worked,75-85,,,,,Annual
Beans,Bush,Snap,Blue Lake 274,1,,snap,April,Spring,Level 1,Phaseolus vulgaris,Yes,Full Sun,Not reccomended,"1-2 weeks after last frost, soil at 60",50-60,,No,1' - 2',,Annual
Beans,Bush,Snap,Bountiful,1,,snap,April,Spring,Level 1,Phaseolus vulgaris,Yes,Full Sun,Not reccomended,"1-2 weeks after last frost, soil at 60",45-50,,No,,,Annual
Beans,Bush,Snap,Brittle Wax,2,,Brittle? not Britte? Snap,April,Spring,Level 1,Phaseolus vulgaris,Yes,Full Sun,Not reccomended,"1-2 weeks after last frost, soil at 60",55-60,,No,"14"" - 16""",,Annual
Beans,Bush,Shelling ,Coco Noir Starazogorski,1,,Shelling / dry,April,Spring,Level 1,Phaseolus vulgaris,Yes,Full Sun,Not reccomended,"1-2 weeks after last frost, soil at 60",75-85,,No,"18""",,Annual
Beans,Bush,Snap,Golden Wax,4,,Snap / Shelling / Dried,April,Spring,Level 1,Phaseolus vulgaris,Yes,Full Sun,Not reccomended,"1-2 weeks after last frost, soil at 60",45-60,,No,"16"" -18""","12""-18""",Annual
Beans,Bush,Snap,Greencrop,2,,Snap,April,Spring,Level 1,Phaseolus vulgaris,Yes,Full Sun,Not reccomended,"1-2 weeks after last frost, soil at 60",50,,No,,,Annual
Beans,Bush,Snap,Maxibel Haricot Vert,2,,Snap,April,Spring,Level 1,Phaseolus vulgaris,Yes,Full Sun,Not reccomended,"1-2 weeks after last frost, soil at 60",65,,No,"22 ""- 26""",,Annual
Beans,Bush,Snap,Royal Burgundy,3,,Snap,April,Spring,Level 1,Phaseolus vulgaris,Yes,Full Sun,Not reccomended,"1-2 weeks after last frost, soil at 60",55,,No,"15""-20""",,Annual
Beans,Bush,Snap,Stringless Green Pod,23,,Snap,April,Spring,Level 1,Phaseolus vulgaris,Yes,Full Sun,Not reccomended,"1-2 weeks after last frost, soil at 60",50,,No,,,Annual
Beans,Butterscotch,,,1,,,,,,,,,,,,,,,,
Beans,Contender,,,1,,,,,,,,,,,,,,,,
Beans,Cowpea,Michels,,1,,,,,,,,,,,,,,,,
Beans,Daple Grey,,,1,,,,,,,,,,,,,,,,
Beans,Eye of the Goat,,,1,,,,,,,,,,,,,,,,
Beans,Improved Tendergreen,,,30,,,,,,,,,,,,,,,,
Beans,Lima,Henderson Bush,,7,,,,,,,,,,,,,,,,
Beans,Lima,Sieva,,1,,,,,,,,,,,,,,,,
Beans,Mayflower,,,1,,,,,,,,,,,,,,,,
Beans,Pinto,Quincy,,1,,,,,,,,,,,,,,,,
Beans,Pole,Caminat,,1,(xtra-large seed pack),,,,,,,,,,,,,,,
Beans,Pole,Kentucky Wonder,,19,,,,,,,,,,,,,,,,
Beans,Pole,Monte Cristo,,1,,,,,,,,,,,,,,,,
Beans,Pole,Old Homestead,,7,,,,,,,,,,,,,,,,
Beans,Red & White Calypso,,,1,,,,,,,,,,,,,,,,
Beans,Runner,Scarlet Emperor,,3,,,,,,,,,,,,,,,,
Beans,Runner,Scarlet Runner,,1,,,,,,,,,,,,,,,,
Beans,Soy,Agate,,1,,,,,,,,,,,,,,,,
Beans,Soy,Fiskeby,,1,,,,,,,,,,,,,,,,
Beans,Turkey Craw,,,1,,,,,,,,,,,,,,,,
Beans,Yellow Indian Woman,,,1,,,,,,,,,,,,,,,,
Beets,5 Color Silver,,,5,,,,,,,,,,,,,,,,
Beets,Chioggia,,,1,,,,,,,,,,,,,,,,
Beets,Detroit Dark Red,,,19,,,,,,,,,,,,,,,,
Beets,Detroit Golden,,,7,,,,,,,,,,,,,,,,
Beets,Early Wonder,,,3,,,,,,,,,,,,,,,,
Beets,Falcon,,,1,,,,,,,,,,,,,,,,
Beets,Pablo,,,2,,,,,,,,,,,,,,,,
Beets,Red Ace,,,5,,,,,,,,,,,,,,,,
Beets,Spring Color,,,1,,,,,,,,,,,,,,,,
Broccoli,De Cicco,,,5,,,,,,,,,,,,,,,,
Broccoli,Fiesta,,,3,,,,,,,,,,,,,,,,
Broccoli,Green Magic,,,1,,,,,,,,,,,,,,,,
Broccoli,Italian Green,,,38,,,,,,,,,,,,,,,,
Broccoli,Raab,,,22,,,,,,,,,,,,,,,,
Broccoli,Romanesco,,,3,,,,,,,,,,,,,,,,
Broccoli,Waltham,,,9,,,,,,,,,,,,,,,,
Brussels Sprouts,Autumn Star,,,2,,,,,,,,,,,,,,,,
Brussels Sprouts,Dagan,,,2,,,,,,,,,,,,,,,,
Brussels Sprouts,Long Island,,,33,,,,,,,,,,,,,,,,
Cantaloupe,Delicious,,,1,,,,,,,,,,,,,,,,
Cantaloupe,Delicious 51 (Muskmelon),,,9,,,,,,,,,,,,,,,,
Cantaloupe,Ediato,,,1,,,,,,,,,,,,,,,,
Cantaloupe,Hale's Best,,,4,,,,,,,,,,,,,,,,
Carrot,Danvers,,,24,,,,,,,,,,,,,,,,
Carrot,Danvers Half Long,,,39,,,,,,,,,,,,,,,,
Carrot,Little Finger,,,17,,,,,,,,,,,,,,,,
Carrot,Musico,,,2,,,,,,,,,,,,,,,,
Carrot,Napa,,,2,,,,,,,,,,,,,,,,
Carrot,Nutri Red,,,2,,,,,,,,,,,,,,,,
Carrot,Paris Market,,,1,,,,,,,,,,,,,,,,
Carrot,Purplesnax,,,2,,,,,,,,,,,,,,,,
Carrot,Scarlet Nantes,,,49,,,,,,,,,,,,,,,,
Cat Drugs,Catgrass,,,13,,,,,,,,,,,,,,,,
Cat Drugs,Catnip,,,55,,,,,,,,,,,,,,,,
Cauliflower,Multi-color,,,1,,,,,,,,,,,,,,,,
Cauliflower,Purple of Sicily,,,2,,,,,,,,,,,,,,,,
Cauliflower,Self-blanche,,,1,,,,,,,,,,,,,,,,
Cauliflower,Snowball,,,42,,,,,,,,,,,,,,,,
Cauliflower,Veronica,,,3,,,,,,,,,,,,,,,,
Cauliflower,White,,,1,,,,,,,,,,,,,,,,
Celeriac,Monstorpolgi,,,1,,,,,,,,,,,,,,,,
Celery,Brilliant,,,2,,,,,,,,,,,,,,,,
Celery,Summer,,,2,,,,,,,,,,,,,,,,
Celery,Tall Utah,,,1,,,,,,,,,,,,,,,,
Corn,American Dream,,,1,,,,,,,,,,,,,,,,
Corn,Bear Paw,,,1,,,,,,,,,,,,,,,,
Corn,Black Aztec,,,1,,,,,,,,,,,,,,,,
Corn,Butter & Sugar,,,6,,,,,,,,,,,,,,,,
Corn,Delectable,,,1,,,,,,,,,,,,,,,,
Corn,Early Sunglow,,,1,,,,,,,,,,,,,,,,
Corn,Golden Bantam,,,1,,,,,,,,,,,,,,,,
Corn,Golden Cross Bantam,,,9,,,,,,,,,,,,,,,,
Corn,Golden Jubilee,,,1,,,,,,,,,,,,,,,,
Corn,Japonica Striped Maize,,,1,,,,,,,,,,,,,,,,
Corn,Kandy King,,,1,,,,,,,,,,,,,,,,
Corn,Reid's Yellow Dent,,,7,,,,,,,,,,,,,,,,
Corn,Silver Queen,,,1,,,,,,,,,,,,,,,,
Corn,Silvermine,,,4,,,,,,,,,,,,,,,,
Corn,Trucker's Favorite Yellow,,,5,,,,,,,,,,,,,,,,
Cucumber,Alibi,,,2,,,,,,,,,,,,,,,,
Cucumber,Armenian,,,1,,,,,,,,,,,,,,,,
Cucumber,Boston Pickling,,,3,,,,,,,,,,,,,,,,
Cucumber,Bush Pickle,,,61,,,,,,,,,,,,,,,,
Cucumber,Early Spring Burpless,,,32,,,,,,,,,,,,,,,,
Cucumber,Japanese Long Dragon,,,51,,,,,,,,,,,,,,,,
Cucumber,Marketmore,,,38,,,,,,,,,,,,,,,,
Cucumber,Muncher,,,2,,,,,,,,,,,,,,,,
Cucumber,Spacemaster 80,,,56,,,,,,,,,,,,,,,,
Cucumber,Straight 8,,,31,,,,,,,,,,,,,,,,
Cucumber,Wisconsin Pickling,,,38,,,,,,,,,,,,,,,,
Eggplant,Black Beauty,,,13,,,,,,,,,,,,,,,,
Eggplant,Casper,,,27,,,,,,,,,,,,,,,,
Eggplant,Little Finger,,,1,,,,,,,,,,,,,,,,
Eggplant,Pingtung Long,,,1,,,,,,,,,,,,,,,,
Eggplant,Poropera,,,2,,,,,,,,,,,,,,,,
Flower/Ornamental,Aster,Crego Mix,,28,,,,,,,,,,,,,,,,
Flower/Ornamental,Aster,Montezuma Mix,,21,,,,,,,,,,,,,,,,
Flower/Ornamental,Baby's Breath,,,15,,,,,,,,,,,,,,,,
Flower/Ornamental,Bachelor's Buttons,Blue Boy,,15,,,,,,,,,,,,,,,,
Flower/Ornamental,Bachelor's Buttons,Mixed,,12,,,,,,,,,,,,,,,,
Flower/Ornamental,Bee Balm,,,25,,,,,,,,,,,,,,,,
Flower/Ornamental,Bells of Ireland,,,1,,,,,,,,,,,,,,,,
Flower/Ornamental,Black Eyed Susan,,,33,,,,,,,,,,,,,,,,
Flower/Ornamental,Blanket Flowers,,,10,,,,,,,,,,,,,,,,
Flower/Ornamental,Bluebonnets,,,12,,,,,,,,,,,,,,,,
Flower/Ornamental,Calendula,,,11,,,,,,,,,,,,,,,,
Flower/Ornamental,Columbine,Granny's Nightcap,,14,,,,,,,,,,,,,,,,
Flower/Ornamental,Coreopsis,,,9,,,,,,,,,,,,,,,,
Flower/Ornamental,Cornflower,Blue Box,,17,,,,,,,,,,,,,,,,
Flower/Ornamental,Cosmos,Bright Lights,,13,,,,,,,,,,,,,,,,
Flower/Ornamental,Cosmos,Candystripe,,10,,,,,,,,,,,,,,,,
Flower/Ornamental,Cosmos,Sea Shells Mix,,10,,,,,,,,,,,,,,,,
Flower/Ornamental,Cosmos,Sensation,,35,,,,,,,,,,,,,,,,
Flower/Ornamental,Dahlia,,,9,,,,,,,,,,,,,,,,
Flower/Ornamental,Daisy,,,11,,,,,,,,,,,,,,,,
Flower/Ornamental,Dusty Miller,,,2,,,,,,,,,,,,,,,,
Flower/Ornamental,Flax Scarlet Rubrum,,,17,,,,,,,,,,,,,,,,
Flower/Ornamental,Forget-Me-Not,,,12,,,,,,,,,,,,,,,,
Flower/Ornamental,Four O'clock,,,6,,,,,,,,,,,,,,,,
Flower/Ornamental,Foxglove,,,10,,,,,,,,,,,,,,,,
Flower/Ornamental,Gaillardia,,,5,,,,,,,,,,,,,,,,
Flower/Ornamental,Hollyhock,Carter's Double,,3,,,,,,,,,,,,,,,,
Flower/Ornamental,Hollyhock,Indian Spring,,16,,,,,,,,,,,,,,,,
Flower/Ornamental,Hollyhock,Outhouse,,12,,,,,,,,,,,,,,,,
Flower/Ornamental,Larkspur,,,21,,,,,,,,,,,,,,,,
Flower/Ornamental,Lunaria,,,14,,,,,,,,,,,,,,,,
Flower/Ornamental,Lupine,Hartwegii,,10,,,,,,,,,,,,,,,,
Flower/Ornamental,Lupine,Perennial,,2,,,,,,,,,,,,,,,,
Flower/Ornamental,Marigold,Brocade,,12,,,,,,,,,,,,,,,,
Flower/Ornamental,Marigold,Crackerjack,,16,,,,,,,,,,,,,,,,
Flower/Ornamental,Marigold,French Petite,,11,,,,,,,,,,,,,,,,
Flower/Ornamental,Marigold,Mary Helen,,1,,,,,,,,,,,,,,,,
Flower/Ornamental,Marigold,Petite Mix,,13,,,,,,,,,,,,,,,,
Flower/Ornamental,Mixture,Bee My Friend,,10,,,,,,,,,,,,,,,,
Flower/Ornamental,Mixture,Beneficial Bug,,6,,,,,,,,,,,,,,,,
Flower/Ornamental,Mixture,Bird Lover's,,9,,,,,,,,,,,,,,,,
Flower/Ornamental,Mixture,Please Don't Flutter By,,15,,,,,,,,,,,,,,,,
Flower/Ornamental,Mixture,Wildflower,,10,,,,,,,,,,,,,,,,
Flower/Ornamental,Moonflower,Evening Glory,,21,,,,,,,,,,,,,,,,
Flower/Ornamental,Morning Glory,Early Heavenly Blue,,13,,,,,,,,,,,,,,,,
Flower/Ornamental,Morning Glory,Flying Saucers,,1,,,,,,,,,,,,,,,,
Flower/Ornamental,Morning Glory,Giant,,18,,,,,,,,,,,,,,,,
Flower/Ornamental,Morning Glory,Grandpa Ott's,,10,,,,,,,,,,,,,,,,
Flower/Ornamental,Morning Glory,Improved Heavenly Blue,,23,,,,,,,,,,,,,,,,
Flower/Ornamental,Morning Glory,Picotee Blue,,6,,,,,,,,,,,,,,,,
Flower/Ornamental,Morning Glory,Shadow Dance,,7,,,,,,,,,,,,,,,,
Flower/Ornamental,Nasturtium,Alaska,,11,,,,,,,,,,,,,,,,
Flower/Ornamental,Nasturtium ,Dwarf,,7,,,,,,,,,,,,,,,,
Flower/Ornamental,Nasturtium ,Empress of India,,8,,,,,,,,,,,,,,,,
Flower/Ornamental,Painted Tongue,,,1,,,,,,,,,,,,,,,,
Flower/Ornamental,Pansy,,,8,,,,,,,,,,,,,,,,
Flower/Ornamental,Phlox,,,3,,,,,,,,,,,,,,,,
Flower/Ornamental,Poppy,California Mix,,11,,,,,,,,,,,,,,,,
Flower/Ornamental,Poppy,Iceland Mix,,13,,,,,,,,,,,,,,,,
Flower/Ornamental,Poppy,Oriental Scarlet,,12,,,,,,,,,,,,,,,,
Flower/Ornamental,Poppy,Shirley Double,,3,,,,,,,,,,,,,,,,
Flower/Ornamental,Prairie Clover,,,1,,,,,,,,,,,,,,,,
Flower/Ornamental,Purple Coneflower,,,9,,,,,,,,,,,,,,,,
Flower/Ornamental,Salvia,Blue Bedder,,19,,,,,,,,,,,,,,,,
Flower/Ornamental,Salvia,St. John's Fire,,22,,,,,,,,,,,,,,,,
Flower/Ornamental,Scabiosa,,,12,,,,,,,,,,,,,,,,
Flower/Ornamental,Sensitive Plant,,,1,,,,,,,,,,,,,,,,
Flower/Ornamental,Snapdragon,,,1,,,,,,,,,,,,,,,,
Flower/Ornamental,Sunflower,Dwarf,,16,,,,,,,,,,,,,,,,
Flower/Ornamental,Sunflower,Evening Sun,,37,,,,,,,,,,,,,,,,
Flower/Ornamental,Sunflower,Goldy Double,,1,,,,,,,,,,,,,,,,
Flower/Ornamental,Sunflower,Italian White,,18,,,,,,,,,,,,,,,,
Flower/Ornamental,Sunflower,Lemon Queen,,`3,,,,,,,,,,,,,,,,
Flower/Ornamental,Sunflower,Mammoth Russian,,11,,,,,,,,,,,,,,,,
Flower/Ornamental,Sunflower,Special Mix,,3,,,,,,,,,,,,,,,,
Flower/Ornamental,Sunflower,Sun Gold Purple,,26,,,,,,,,,,,,,,,,
Flower/Ornamental,Sunflower,Taiyo,,1,,,,,,,,,,,,,,,,
Flower/Ornamental,Sunflower,Velvet Queen,,15,,,,,,,,,,,,,,,,
Flower/Ornamental,Sweet William,,,4,,,,,,,,,,,,,,,,
Flower/Ornamental,Tithonia,Torch Mexican,,15,,,,,,,,,,,,,,,,
Flower/Ornamental,Tithonia,Yellow Mexican,,9,,,,,,,,,,,,,,,,
Flower/Ornamental,White Cypress Vine,,,1,,,,,,,,,,,,,,,,
Flower/Ornamental,Zinnia,California Giant Mix,,13,,,,,,,,,,,,,,,,
Flower/Ornamental,Zinnia,California Giant Scarlet,,8,,,,,,,,,,,,,,,,
Flower/Ornamental,Zinnia,California Giant White,,12,,,,,,,,,,,,,,,,
Flower/Ornamental,Zinnia,Cut & Come Again,,12,,,,,,,,,,,,,,,,
Flower/Ornamental,Zinnia,State Fair,,25,,,,,,,,,,,,,,,,
Gourd,Mixture,,,1,,,,,,,,,,,,,,,,
Gourd,Small Varieties Mixed,,,17,,,,,,,,,,,,,,,,
Greens,Alfresco Blend,,,1,,,,,,,,,,,,,,,,
Greens,Arugala,Astro,,9,,,,,,,,,,,,,,,,
Greens,Arugala,Rocket,,27,,,,,,,,,,,,,,,,
Greens,Beet,Five Color Silver,,10,,,,,,,,,,,,,,,,
Greens,Cabbage,Chinese - Michihli,,23,,,,,,,,,,,,,,,,
Greens,Cabbage,Copenhagen Market,,3,,,,,,,,,,,,,,,,
Greens,Cabbage,Danish Ballhead,,1,,,,,,,,,,,,,,,,
Greens,Cabbage,Golden Acre,,4,,,,,,,,,,,,,,,,
Greens,Cabbage,Green Presto,,2,,,,,,,,,,,,,,,,
Greens,Cabbage,Red Acre,,32,,,,,,,,,,,,,,,,
Greens,Cabbage,Red Express,,1,,,,,,,,,,,,,,,,
Greens,Cabbage,Savoy Perfection,,33,,,,,,,,,,,,,,,,
Greens,Cabbage,Tokyo Bekana,,2,,,,,,,,,,,,,,,,
Greens,Chard,Fordhook Giant,,2,,,,,,,,,,,,,,,,
Greens,Chard,Orange,,1,,,,,,,,,,,,,,,,
Greens,Chard,Rainbow Blend,,2,,,,,,,,,,,,,,,,
Greens,Chard,Swiss,Dark Green Lucullus,25,,,,,,,,,,,,,,,,
Greens,Chard,Swiss,Oriole,2,,,,,,,,,,,,,,,,
Greens,Chard,Swiss,Rainbow of Lights,13,,,,,,,,,,,,,,,,
Greens,Chard,Swiss,Rhubarb,4,,,,,,,,,,,,,,,,
Greens,Chard,Swiss,Ruby Red,8,,,,,,,,,,,,,,,,
Greens,Cicoria,,,23,,,,,,,,,,,,,,,,
Greens,Collards,Georgia,Green,29,,,,,,,,,,,,,,,,
Greens,Collards,Georgia,Southern,1,,,,,,,,,,,,,,,,
Greens,Collards,Georgia,,1,,,,,,,,,,,,,,,,
Greens,Collards,Vates,,24,,,,,,,,,,,,,,,,
Greens,Cress,Curly,,1,,,,,,,,,,,,,,,,
Greens,Endive,Broad-Leaf Batavian,,37,,,,,,,,,,,,,,,,
Greens,Endive,Green Curled,,4,,,,,,,,,,,,,,,,
Greens,Endive,Rhodes,,2,,,,,,,,,,,,,,,,
Greens,Kale,Dwarf Blue Curled Scotch,,31,,,,,,,,,,,,,,,,
Greens,Kale,Heirloom Red Russian,,28,,,,,,,,,,,,,,,,
Greens,Kale,Holy Kale! Blend,,3,,,,,,,,,,,,,,,,
Greens,Kale,Lacinato or Tuscan,,26,,,,,,,,,,,,,,,,
Greens,Kale,Nagoya White,,2,,,,,,,,,,,,,,,,
Greens,Kale,Nancy's Baby Leaf Blend,,6,,,,,,,,,,,,,,,,
Greens,Kale,Ornamental,,13,,,,,,,,,,,,,,,,
Greens,Kale,Red Ursa,,2,,,,,,,,,,,,,,,,
Greens,Kale,Smooth German,,1,,,,,,,,,,,,,,,,
Greens,Lettuce,Alkindus-Pelleted,,1,,,,,,,,,,,,,,,,
Greens,Lettuce,Bistro Blend,,17,,,,,,,,,,,,,,,,
Greens,Lettuce,Black Seeded Simpson,,28,,,,,,,,,,,,,,,,
Greens,Lettuce,Buttercrunch,,31,,,,,,,,,,,,,,,,
Greens,Lettuce,Gourmet Blend,,5,,,,,,,,,,,,,,,,
Greens,Lettuce,Hart's Special Mix,,3,,,,,,,,,,,,,,,,
Greens,Lettuce,Iceberg,Red,1,,,,,,,,,,,,,,,,
Greens,Lettuce,Iceberg,,101,,,,,,,,,,,,,,,,
Greens,Lettuce,Merveille Des Quatre Saisons,,21,,,,,,,,,,,,,,,,
Greens,Lettuce,Oakleaf,,22,,,,,,,,,,,,,,,,
Greens,Lettuce,Quattro Stagioni,,1,,,,,,,,,,,,,,,,
Greens,Lettuce,Red Salad Bowl,,10,,,,,,,,,,,,,,,,
Greens,Lettuce,Romaine,Bullet,2,,,,,,,,,,,,,,,,
Greens,Lettuce,Romaine,Little Gem-Pelleted,1,,,,,,,,,,,,,,,,
Greens,Lettuce,Romaine,Red,13,,,,,,,,,,,,,,,,
Greens,Lettuce,Romaine or White,,8,,,,,,,,,,,,,,,,
Greens,Mesclun,Provence Style,,9,,,,,,,,,,,,,,,,
Greens,Mesclun,,,8,,,,,,,,,,,,,,,,
Greens,Micro Greens Blend,,,2,,,,,,,,,,,,,,,,
Greens,Mustard,Green Mizuna,,2,,,,,,,,,,,,,,,,
Greens,Mustard,Leaf Heading,,1,,,,,,,,,,,,,,,,
Greens,Mustard,Red Giant,,5,,,,,,,,,,,,,,,,
Greens,Mustard,Southern Giant Curled,,5,,,,,,,,,,,,,,,,
Greens,Mustard,Tokyo Bekana,,2,,,,,,,,,,,,,,,,
Greens,Mustard,Wild Garden,,2,,,,,,,,,,,,,,,,
Greens,Sorrel,,,3,,,,,,,,,,,,,,,,
Greens,Spinach,Bloomsdale,,17,,,,,,,,,,,,,,,,
Greens,Spinach,New Zealand,,12,,,,,,,,,,,,,,,,
Greens,Spinach,Palco,,2,,,,,,,,,,,,,,,,
Greens,Tatsoi,,,1,,,,,,,,,,,,,,,,
Greens,Turnip,Seven Top,,12,,,,,,,,,,,,,,,,
Greens,Vit,,,2,,,,,,,,,,,,,,,,
Herbs,Anise,Hyssop,,24,,,,,,,,,,,,,,,,
Herbs,Anise,,,15,,,,,,,,,,,,,,,,
Herbs,Basil,Finissimo Verde a Palla,,1,,,,,,,,,,,,,,,,
Herbs,Basil,Genovese,,74,,,,,,,,,,,,,,,,
Herbs,Basil,Holy,,1,,,,,,,,,,,,,,,,
Herbs,Basil,Italian,,1,,,,,,,,,,,,,,,,
Herbs,Basil,Lemon,,14,,,,,,,,,,,,,,,,
Herbs,Basil,Mix,,4,,,,,,,,,,,,,,,,
Herbs,Basil,Rosie,,1,,,,,,,,,,,,,,,,
Herbs,Basil,Spicy Globe,,19,,,,,,,,,,,,,,,,
Herbs,Basil,Sweet Thai,,1,,,,,,,,,,,,,,,,
Herbs,Borage,,,10,,,,,,,,,,,,,,,,
Herbs,Chamomile,German,,2,,,,,,,,,,,,,,,,
Herbs,Chervil,,,62,,,,,,,,,,,,,,,,
Herbs,Chives,Garlic,,26,,,,,,,,,,,,,,,,
Herbs,Chives,,,9,,,,,,,,,,,,,,,,
Herbs,Cilantro,Santo,,2,,,,,,,,,,,,,,,,
Herbs,Cilantro,,,17,,,,,,,,,,,,,,,,
Herbs,Dill,Bouquet,,29,,,,,,,,,,,,,,,,
Herbs,Dill,Dukat,,1,,,,,,,,,,,,,,,,
Herbs,Fennel,Bronze,,17,,,,,,,,,,,,,,,,
Herbs,Fennel,Sweet Florence,,24,,,,,,,,,,,,,,,,
Herbs,Hibiscus,Red Drops,,2,,,,,,,,,,,,,,,,
Herbs,Lavender,,,15,,,,,,,,,,,,,,,,
Herbs,Lemon Balm,,,2,,,,,,,,,,,,,,,,
Herbs,Lovage,,,1,,,,,,,,,,,,,,,,
Herbs,Marjoram,Sweet,,17,,,,,,,,,,,,,,,,
Herbs,Oregano,Zaatar,,1,,,,,,,,,,,,,,,,
Herbs,Oregano,,,11,,,,,,,,,,,,,,,,
Herbs,Parsley,Forest Green,,1,,,,,,,,,,,,,,,,
Herbs,Parsley,Giant Italian,,4,,,,,,,,,,,,,,,,
Herbs,Parsley,Italian Flat Leaf,,1,,,,,,,,,,,,,,,,
Herbs,Parsley,Italian Large Flat Leaf,,33,,,,,,,,,,,,,,,,
Herbs,Parsley,Moss Curled,,29,,,,,,,,,,,,,,,,
Herbs,Parsley,Triple Curled,,1,,,,,,,,,,,,,,,,
Herbs,Rosemary,,,4,,,,,,,,,,,,,,,,
Herbs,Sage,Broad Leaf,,6,,,,,,,,,,,,,,,,
Herbs,Sorrel,,,1,,,,,,,,,,,,,,,,
Herbs,Spearmint,,,3,,,,,,,,,,,,,,,,
Herbs,Stevia,,,1,,,,,,,,,,,,,,,,
Herbs,Summer Savory,,,17,,,,,,,,,,,,,,,,
Herbs,Thyme,Broad Leaf,,1,,,,,,,,,,,,,,,,
Herbs,Thyme,,,12,,,,,,,,,,,,,,,,
Huckleberry,Garden,,,1,,,,,,,,,,,,,,,,
Kohlrabi,Azur Star,,,1,,,,,,,,,,,,,,,,
Kohlrabi,Purple & White,,,19,,,,,,,,,,,,,,,,
Kohlrabi,Trero,,,2,,,,,,,,,,,,,,,,
Leek,American Flag,,,22,,,,,,,,,,,,,,,,
Leek,Blue Solaise,,,1,,,,,,,,,,,,,,,,
Leek,Chinook,,,1,,,,,,,,,,,,,,,,
Leek,Tadorna,,,2,,,,,,,,,,,,,,,,
Melon,Galia Incredible,,,28,,,,,,,,,,,,,,,,
Melon,Papayadew,,,2,,,,,,,,,,,,,,,,
Melon,Sakata's Sweet,,,1,,,,,,,,,,,,,,,,
Melon,Tasty Bites,,,3,,,,,,,,,,,,,,,,
Onion,Ailsa Craig,,,2,,,,,,,,,,,,,,,,
Onion,Parade-Pelleted,,,2,,,,,,,,,,,,,,,,
Onion,Purplette,,,4,,,,,,,,,,,,,,,,
Onion,Red Wethersfield,,,1,,,,,,,,,,,,,,,,
Onion,Talon,,,1,,,,,,,,,,,,,,,,
Onion,Yellow Sweet Spanish,,,25,,,,,,,,,,,,,,,,
Peas,Blue Podded,,,1,,,,,,,,,,,,,,,,
Peas,Bolero,,,1,,,,,,,,,,,,,,,,
Peas,Canoe,,,1,(xtra-large seed pack),,,,,,,,,,,,,,,
Peas,Canoe,,,2,,,,,,,,,,,,,,,,
Peas,Cascadia Snap,,,2,,,,,,,,,,,,,,,,
Peas,Dwarf Gray Sugar,,,20,,,,,,,,,,,,,,,,
Peas,Green Arrow,,,2,,,,,,,,,,,,,,,,
Peas,Laxton Progress,,,16,,,,,,,,,,,,,,,,
Peas,Lincoln,,,1,,,,,,,,,,,,,,,,
Peas,Little Marvel,,,4,,,,,,,,,,,,,,,,
Peas,Snap,Sugar,,1,,,,,,,,,,,,,,,,
Peas,Snap,Sugar Ann,,4,,,,,,,,,,,,,,,,
Peas,Snap,Sugar Daddy,,1,,,,,,,,,,,,,,,,
Peas,Snap,Sugar Magnolia,,1,,,,,,,,,,,,,,,,
Peas,Snow,Orgegon Sugar Pod II,,1,,,,,,,,,,,,,,,,
Peas,Sugar Snap,,,19,,,,,,,,,,,,,,,,
Peas,Sweet,Knee-Hi Mix,,10,,,,,,,,,,,,,,,,
Peas,Sweet,Old Spice Mix,,13,,,,,,,,,,,,,,,,
Peas,Sweet,Painted Lady,,5,,,,,,,,,,,,,,,,
Peas,Sweet,Royal Mixed Colors,,7,,,,,,,,,,,,,,,,
Peas,Sweet,Snow,,1,,,,,,,,,,,,,,,,
Peppers,Arapaho,,,2,,,,,,,,,,,,,,,,
Peppers,Banana,,,16,,,,,,,,,,,,,,,,
Peppers,Bangles Blend,,,1,,,,,,,,,,,,,,,,
Peppers,Bell,Baby,,1,,,,,,,,,,,,,,,,
Peppers,Bell,Caifornia Wonder,,5,,,,,,,,,,,,,,,,
Peppers,Bell,King of the North Red,,3,,,,,,,,,,,,,,,,
Peppers,Bell,Lady,,1,,,,,,,,,,,,,,,,
Peppers,Bell,Yellow California Wonder,,1,,,,,,,,,,,,,,,,
Peppers,Bell,Yolo Wonder,,1,,,,,,,,,,,,,,,,
Peppers,Cayenne,,,8,,,,,,,,,,,,,,,,
Peppers,Cubanelle,,,23,,,,,,,,,,,,,,,,
Peppers,Fish,,,1,,,,,,,,,,,,,,,,
Peppers,Habanero,,,1,,,,,,,,,,,,,,,,
Peppers,Hungarian Hot Wax,,,2,,,,,,,,,,,,,,,,
Peppers,Jalapeno,Early,,9,,,,,,,,,,,,,,,,
Peppers,Marconi Red,,,1,,,,,,,,,,,,,,,,
Peppers,Pepperoncini,,,33,,,,,,,,,,,,,,,,
Peppers,Pretty n' Sweet,,,16,,,,,,,,,,,,,,,,
Peppers,Shishito,,,3,,,,,,,,,,,,,,,,
Peppers,Sweet,Italian,,2,,,,,,,,,,,,,,,,
Pumpkin,Baby Bear,,,28,,,,,,,,,,,,,,,,
Pumpkin,Big Max,,,28,,,,,,,,,,,,,,,,
Pumpkin,Casper,,,1,,,,,,,,,,,,,,,,
Pumpkin,Connecticut Field,,,33,,,,,,,,,,,,,,,,
Pumpkin,Fairytale,,,2,,,,,,,,,,,,,,,,
Pumpkin,Howden,,,4,,,,,,,,,,,,,,,,
Pumpkin,Jack Be Little,,,15,,,,,,,,,,,,,,,,
Pumpkin,Jack of all Trades,,,2,,,,,,,,,,,,,,,,
Pumpkin,Pepitas,,,5,,,,,,,,,,,,,,,,
Pumpkin,Small Sugar Pie,,,21,,,,,,,,,,,,,,,,
Radish,Caryone Colors,,,6,,,,,,,,,,,,,,,,
Radish,Cherry Belle,,,34,,,,,,,,,,,,,,,,
Radish,Cincinnati Market,,,1,,,,,,,,,,,,,,,,
Radish,Daikon,,,1,,,,,,,,,,,,,,,,
Radish,French Breakfast,,,2,,,,,,,,,,,,,,,,
Radish,Helios,,,1,,,,,,,,,,,,,,,,
Radish,Kaleidoscope,,,3,,,,,,,,,,,,,,,,
Radish,Red Arrow Daikon,,,5,,,,,,,,,,,,,,,,
Radish,Round Black Spanish,,,4,,,,,,,,,,,,,,,,
Radish,Starburst,,,2,,,,,,,,,,,,,,,,
Radish,Watermelon,,,11,,,,,,,,,,,,,,,,
Radish,White Icicle,,,2,,,,,,,,,,,,,,,,
Rutabaga,American Purple Top,,,15,,,,,,,,,,,,,,,,
Rutabaga,Joan,,,1,,,,,,,,,,,,,,,,
Rutabaga,Westport Macomber,,,1,,,,,,,,,,,,,,,,
Salsify,,,,1,,,,,,,,,,,,,,,,
Sorghum,Mixed Color Broomcorn,,,1,,,,,,,,,,,,,,,,
Squash,Amish Pie,,,2,,,,,,,,,,,,,,,,
Squash,Benning's Green Tint,,,1,,,,,,,,,,,,,,,,
Squash,Birdhouse Gourd,,,21,,,,,,,,,,,,,,,,
Squash,Blue Hubard,,,30,,,,,,,,,,,,,,,,
Squash,Buttercup,Burgess,,6,,,,,,,,,,,,,,,,
Squash,Buttercup,Gold Nugget,,2,,,,,,,,,,,,,,,,
Squash,Butternut,Butterbush,,2,,,,,,,,,,,,,,,,
Squash,Butternut,Honeynut,,5,,,,,,,,,,,,,,,,
Squash,Butternut,Waltham,,20,,,,,,,,,,,,,,,,
Squash,Cocozelle di Napoli,,,12,,,,,,,,,,,,,,,,
Squash,Crookneck,,,13,,,,,,,,,,,,,,,,
Squash,Cucuzzi Caravazzi,,,24,,,,,,,,,,,,,,,,
Squash,Delicata Winter,,,3,,,,,,,,,,,,,,,,
Squash,Dostal Cucumber,,,2,,,,,,,,,,,,,,,,
Squash,Golden Hubbard,,,21,,,,,,,,,,,,,,,,
Squash,Scallop Blend,,,8,,,,,,,,,,,,,,,,
Squash,Spaghetti,,,13,,,,,,,,,,,,,,,,
Squash,Straightneck,Early,,12,,,,,,,,,,,,,,,,
Squash,Straightneck,Summer,,21,,,,,,,,,,,,,,,,
Squash,Superpik,,,2,,,,,,,,,,,,,,,,
Tomatillo,Purple de Milpa,,,1,,,,,,,,,,,,,,,,
Tomatillo,Toma Verde,,,1,,,,,,,,,,,,,,,,
Tomato,Amish Paste,,,24,,,,,,,,,,,,,,,,
Tomato,Arkansas Traveler,,,1,,,,,,,,,,,,,,,,
Tomato,Beefsteak,,,1,,,,,,,,,,,,,,,,
Tomato,Best Boy,,,122,,,,,,,,,,,,,,,,
Tomato,Black Krim,,,1,,,,,,,,,,,,,,,,
Tomato,Bobcat,,,2,,,,,,,,,,,,,,,,
Tomato,Bradley,,,1,,,,,,,,,,,,,,,,
Tomato,Brandywine,Pink,,13,,,,,,,,,,,,,,,,
Tomato,Brandywine,Red,,1,,,,,,,,,,,,,,,,
Tomato,Brandywine,Yellow,,1,,,,,,,,,,,,,,,,
Tomato,Brown Berry,,,4,,,,,,,,,,,,,,,,
Tomato,Candyland Red,,,2,,,,,,,,,,,,,,,,
Tomato,Celebration,,,98,,,,,,,,,,,,,,,,
Tomato,Cherokee Purple,,,1,,,,,,,,,,,,,,,,
Tomato,Cherry,Goldie Ground,,2,,,,,,,,,,,,,,,,
Tomato,Cherry,Matt's Wild,,2,,,,,,,,,,,,,,,,
Tomato,Cherry,Pineapple,,45,,,,,,,,,,,,,,,,
Tomato,Cherry,Roma,,1,,,,,,,,,,,,,,,,
Tomato,Container Choice,,,38,,,,,,,,,,,,,,,,
Tomato,Culinary Blend,,,20,,,,,,,,,,,,,,,,
Tomato,Delicious,,,1,,,,,,,,,,,,,,,,
Tomato,Gardener's Sweetheart,,,7,,,,,,,,,,,,,,,,
Tomato,German Johnson,,,1,,,,,,,,,,,,,,,,
Tomato,Grape,Riesentraube,,23,,,,,,,,,,,,,,,,
Tomato,Grape,Sugar Plum,,20,,,,,,,,,,,,,,,,
Tomato,Green Zebra,,,1,,,,,,,,,,,,,,,,
Tomato,Hartman's Yellow Gooseberry,,,1,,,,,,,,,,,,,,,,
Tomato,Heinz 2654,,,1,,,,,,,,,,,,,,,,
Tomato,Indigo Rose,,,1,,,,,,,,,,,,,,,,
Tomato,Jennie,,,5,,,,,,,,,,,,,,,,
Tomato,Marglobe,,,9,,,,,,,,,,,,,,,,
Tomato,Marglobe Supreme,,,1,,,,,,,,,,,,,,,,
Tomato,Marlowe Charlestown,,,4,,,,,,,,,,,,,,,,
Tomato,Momotaro,,,2,,,,,,,,,,,,,,,,
Tomato,Mortgage Lifter,,,1,,,,,,,,,,,,,,,,
Tomato,Moskvich,,,1,,,,,,,,,,,,,,,,
Tomato,Mountain Princess,,,2,,,,,,,,,,,,,,,,
Tomato,Northern Delight,,,8,,,,,,,,,,,,,,,,
Tomato,Pantano Romanesco,,,3,,,,,,,,,,,,,,,,
Tomato,Pink Ponderosa,,,3,,,,,,,,,,,,,,,,
Tomato,Red Pear,,,3,,,,,,,,,,,,,,,,
Tomato,Red Racer,,,3,,,,,,,,,,,,,,,,
Tomato,Roma,San Marzano,,27,,,,,,,,,,,,,,,,
Tomato,Rutgers,,,1,,,,,,,,,,,,,,,,
Tomato,Sheboygan,,,1,,,,,,,,,,,,,,,,
Tomato,Southern Nights,,,4,,,,,,,,,,,,,,,,
Tomato,Stupice,,,1,,,,,,,,,,,,,,,,
Tomato,Velvet Red,,,1,,,,,,,,,,,,,,,,
Tomato,White Tomesol,,,1,,,,,,,,,,,,,,,,
Tomato,Yellow Pear,,,8,,,,,,,,,,,,,,,,
Turnip,Golden Ball,,,2,,,,,,,,,,,,,,,,
Turnip,Hakurei,,,1,,,,,,,,,,,,,,,,
Turnip,Purple Top White,,,27,,,,,,,,,,,,,,,,
Turnip,Seven Top,,,7,,,,,,,,,,,,,,,,
Watermelon,Borries Yello,,,1,,,,,,,,,,,,,,,,
Watermelon,Cal Sweet Bush,,,2,,,,,,,,,,,,,,,,
Watermelon,Charleston Gray,,,8,,,,,,,,,,,,,,,,
Watermelon,Giant Black Diamond,,,1,,,,,,,,,,,,,,,,
Watermelon,Moon & Stars,,,14,,,,,,,,,,,,,,,,
Zucchini,Black Beauty,,,1,,,,,,,,,,,,,,,,
Zucchini,Cavili,,,1,,,,,,,,,,,,,,,,
Zucchini,Costata Romanesco,,,1,,,,,,,,,,,,,,,,
Zucchini,Dark Green,,,16,,,,,,,,,,,,,,,,
Zucchini,Fordhook,,,7,,,,,,,,,,,,,,,,
Zucchini,Golden Hubbard,,,2,,,,,,,,,,,,,,,,
Zucchini,Ronde de Nice,,,4,,,,,,,,,,,,,,,,